model,feature,weight,direction,abs_weight
m0_w13_c25_svc_C0.35,prince,0.9268665665643139,support_rumor,0.9268665665643139
m0_w13_c25_svc_C0.3,prince,0.901138358222942,support_rumor,0.901138358222942
m0_w13_c36_svc_C0.4,prince,0.8906332178131805,support_rumor,0.8906332178131805
m0_w12_c36_svc_C0.25,prince,0.8784602874292557,support_rumor,0.8784602874292557
m0_w13_c36_svc_C0.4,robbery,0.8784006017734467,support_rumor,0.8784006017734467
m0_w13_c25_svc_C0.35,robbery,0.8688439713220435,support_rumor,0.8688439713220435
m0_w12_c36_svc_C0.25,robbery,0.8603137185830906,support_rumor,0.8603137185830906
m0_w13_c36_svc_C0.4,the police,0.8556688539845021,support_rumor,0.8556688539845021
m0_w12_c35_svc_C0.2,prince,0.8520288533095229,support_rumor,0.8520288533095229
m0_w13_c25_svc_C0.3,robbery,0.841326436655032,support_rumor,0.841326436655032
m0_w12_c35_svc_C0.2,robbery,0.8181409261804601,support_rumor,0.8181409261804601
m0_w13_c25_svc_C0.35,the police,0.8015261250167591,support_rumor,0.8015261250167591
m0_w12_c36_svc_C0.25,soldier,0.7522713002874574,support_rumor,0.7522713002874574
m0_w13_c25_svc_C0.3,the police,0.7436140136433971,support_rumor,0.7436140136433971
m0_w12_c36_svc_C0.25,the police,0.7352101775019386,support_rumor,0.7352101775019386
m0_w13_c36_svc_C0.4,soldier,0.7281460314778365,support_rumor,0.7281460314778365
m0_w13_c25_svc_C0.35,soldier,0.7216483870456853,support_rumor,0.7216483870456853
m0_w13_c25_svc_C0.35,toronto,0.7177677018826346,support_rumor,0.7177677018826346
m0_w12_c35_svc_C0.2,soldier,0.7053868416176975,support_rumor,0.7053868416176975
m0_w13_c25_svc_C0.3,toronto,0.6973007706313564,support_rumor,0.6973007706313564
m0_w13_c25_svc_C0.3,soldier,0.6957975366742529,support_rumor,0.6957975366742529
m0_w13_c25_svc_C0.35,hostage,0.690563683545069,support_rumor,0.690563683545069
m0_w13_c36_svc_C0.4,hostage,0.6891510155513365,support_rumor,0.6891510155513365
m0_w12_c36_svc_C0.25,hostage,0.6653714527136276,support_rumor,0.6653714527136276
m0_w13_c36_svc_C0.4,toronto,0.6629518115353795,support_rumor,0.6629518115353795
m0_w12_c36_svc_C0.25,toronto,0.661535136600193,support_rumor,0.661535136600193
m0_w13_c25_svc_C0.3,hostage,0.6610451568387962,support_rumor,0.6610451568387962
m0_w12_c35_svc_C0.2,the police,0.6525195392573439,support_rumor,0.6525195392573439
m0_w12_c35_svc_C0.2,toronto,0.6472648086475078,support_rumor,0.6472648086475078
m0_w12_c35_svc_C0.2,hostage,0.6253366640764284,support_rumor,0.6253366640764284
m0_w12_c36_svc_C0.25,was,0.6209947953466435,support_rumor,0.6209947953466435
m0_w13_c36_svc_C0.4,was,0.6164870799571803,support_rumor,0.6164870799571803
m0_w13_c36_svc_C0.4,hashtag sydney,0.597790275637688,support_rumor,0.597790275637688
m0_w12_c36_svc_C0.25,hashtag sydney,0.5932037551787636,support_rumor,0.5932037551787636
m0_w13_c25_svc_C0.35,was,0.5928709521586478,support_rumor,0.5928709521586478
m0_w13_c25_svc_C0.3,was,0.5835325434476742,support_rumor,0.5835325434476742
m0_w12_c35_svc_C0.2,was,0.5761895892767062,support_rumor,0.5761895892767062
m0_w13_c25_svc_C0.35,hashtag sydney,0.5630586328260049,support_rumor,0.5630586328260049
m0_w12_c36_svc_C0.25,ferguson pd,0.5592723160075117,support_rumor,0.5592723160075117
m0_w13_c36_svc_C0.4,two,0.5557959334409031,support_rumor,0.5557959334409031
m0_w13_c36_svc_C0.4,cigars,0.5552993790638184,support_rumor,0.5552993790638184
m0_w12_c36_svc_C0.25,pilot,0.544515237287098,support_rumor,0.544515237287098
m0_w13_c25_svc_C0.35,cigars,0.5374831293401146,support_rumor,0.5374831293401146
m0_w13_c36_svc_C0.4,pilot,0.5341835777371418,support_rumor,0.5341835777371418
m0_w13_c25_svc_C0.35,two,0.5326769040122743,support_rumor,0.5326769040122743
m0_w12_c36_svc_C0.25,two,0.5238290189683243,support_rumor,0.5238290189683243
m0_w12_c35_svc_C0.2,ferguson pd,0.5219809594214752,support_rumor,0.5219809594214752
m0_w13_c25_svc_C0.3,hashtag sydney,0.5216865968385337,support_rumor,0.5216865968385337
m0_w13_c36_svc_C0.4,store,0.5214705905098189,support_rumor,0.5214705905098189
m0_w13_c36_svc_C0.4,shooter,0.5214219981389233,support_rumor,0.5214219981389233
m0_w12_c35_svc_C0.2,hashtag sydney,0.5207740935812479,support_rumor,0.5207740935812479
m0_w13_c36_svc_C0.4,hashtag ferguson pd,0.5139820864896527,support_rumor,0.5139820864896527
m0_w13_c25_svc_C0.35,shooter,0.5129256006074385,support_rumor,0.5129256006074385
m0_w13_c25_svc_C0.3,two,0.5119959309002784,support_rumor,0.5119959309002784
m0_w13_c36_svc_C0.4,ferguson pd,0.5108619450755006,support_rumor,0.5108619450755006
m0_w13_c25_svc_C0.35,pilot,0.5104898129297155,support_rumor,0.5104898129297155
m0_w12_c35_svc_C0.2,pilot,0.5064516909350074,support_rumor,0.5064516909350074
m0_w13_c25_svc_C0.35,store,0.5023720698775946,support_rumor,0.5023720698775946
m0_w13_c25_svc_C0.3,cigars,0.5018879353316373,support_rumor,0.5018879353316373
m0_w12_c36_svc_C0.25,cigars,0.5003634020261937,support_rumor,0.5003634020261937
m0_w13_c25_svc_C0.35,distress,0.4940777146704818,support_rumor,0.4940777146704818
m0_w13_c25_svc_C0.3,pilot,0.4922315430166426,support_rumor,0.4922315430166426
m0_w13_c36_svc_C0.4,three,0.4908622132417984,support_rumor,0.4908622132417984
m0_w13_c25_svc_C0.3,shooter,0.4878331519473338,support_rumor,0.4878331519473338
m0_w13_c25_svc_C0.35,hashtag ferguson pd,0.48418843614323676,support_rumor,0.48418843614323676
m0_w13_c25_svc_C0.35,ferguson pd,0.48354276798009294,support_rumor,0.48354276798009294
m0_w12_c35_svc_C0.2,two,0.4794869706014394,support_rumor,0.4794869706014394
m0_w13_c25_svc_C0.35,three,0.4776898509125097,support_rumor,0.4776898509125097
m0_w13_c36_svc_C0.4,in sydney cafe,0.47663178569730513,support_rumor,0.47663178569730513
m0_w13_c36_svc_C0.4,several,0.4751422480897096,support_rumor,0.4751422480897096
m0_w13_c36_svc_C0.4,distress,0.47294161414856184,support_rumor,0.47294161414856184
m0_w13_c25_svc_C0.3,store,0.47236474177899146,support_rumor,0.47236474177899146
m0_w13_c25_svc_C0.3,distress,0.4717882552095887,support_rumor,0.4717882552095887
m0_w12_c36_svc_C0.25,shooter,0.4709215401924743,support_rumor,0.4709215401924743
m0_w13_c25_svc_C0.3,ferguson pd,0.46987311605252663,support_rumor,0.46987311605252663
m0_w13_c25_svc_C0.3,hashtag ferguson pd,0.4682627299805859,support_rumor,0.4682627299805859
m0_w12_c36_svc_C0.25,three,0.4676947361487026,support_rumor,0.4676947361487026
m0_w13_c36_svc_C0.4,cafe,0.46636097220549333,support_rumor,0.46636097220549333
m0_w13_c25_svc_C0.35,several,0.46550354173641306,support_rumor,0.46550354173641306
m0_w13_c36_svc_C0.4,killed in,0.4643146826568443,support_rumor,0.4643146826568443
m0_w13_c36_svc_C0.4,is over,-0.6347187945488824,support_non_rumor,0.6347187945488824
m0_w13_c36_svc_C0.4,url,-0.5766899159505362,support_non_rumor,0.5766899159505362
m0_w13_c25_svc_C0.35,is over,-0.5723255864651628,support_non_rumor,0.5723255864651628
m0_w12_c36_svc_C0.25,is over,-0.5282086402006445,support_non_rumor,0.5282086402006445
m0_w13_c36_svc_C0.4,my,-0.5281961482682672,support_non_rumor,0.5281961482682672
m0_w13_c36_svc_C0.4,of hashtag,-0.5257168828554637,support_non_rumor,0.5257168828554637
m0_w13_c25_svc_C0.3,is over,-0.5210758947718381,support_non_rumor,0.5210758947718381
m0_w12_c36_svc_C0.25,url,-0.520810883016086,support_non_rumor,0.520810883016086
m0_w13_c25_svc_C0.35,of hashtag,-0.5154705077446639,support_non_rumor,0.5154705077446639
m0_w13_c25_svc_C0.35,in hashtag ferguson,-0.5116496953270244,support_non_rumor,0.5116496953270244
m0_w12_c36_svc_C0.25,of hashtag,-0.5099764645706514,support_non_rumor,0.5099764645706514
m0_w13_c36_svc_C0.4,in hashtag ferguson,-0.5024795890162989,support_non_rumor,0.5024795890162989
m0_w13_c25_svc_C0.35,url,-0.4981328492997121,support_non_rumor,0.4981328492997121
m0_w13_c25_svc_C0.3,of hashtag,-0.49434498815459627,support_non_rumor,0.49434498815459627
m0_w12_c36_svc_C0.25,ferguson url,-0.4937923202878422,support_non_rumor,0.4937923202878422
m0_w13_c25_svc_C0.3,in hashtag ferguson,-0.4929815665805949,support_non_rumor,0.4929815665805949
m0_w13_c25_svc_C0.35,crash,-0.49058915973569167,support_non_rumor,0.49058915973569167
m0_w13_c25_svc_C0.35,shooting,-0.48528313143253554,support_non_rumor,0.48528313143253554
m0_w13_c36_svc_C0.4,the sydney,-0.48522476371105633,support_non_rumor,0.48522476371105633
m0_w13_c25_svc_C0.3,url,-0.481700045191235,support_non_rumor,0.481700045191235
m0_w12_c35_svc_C0.2,of hashtag,-0.4814633205041437,support_non_rumor,0.4814633205041437
m0_w13_c25_svc_C0.3,crash,-0.47717676886258376,support_non_rumor,0.47717676886258376
m0_w13_c36_svc_C0.4,how,-0.47345187633640784,support_non_rumor,0.47345187633640784
m0_w12_c36_svc_C0.25,my,-0.4731988115089214,support_non_rumor,0.4731988115089214
m0_w12_c35_svc_C0.2,ferguson url,-0.4726930613819118,support_non_rumor,0.4726930613819118
m0_w12_c35_svc_C0.2,url,-0.471915948367734,support_non_rumor,0.471915948367734
m0_w13_c25_svc_C0.35,how,-0.4709390061200854,support_non_rumor,0.4709390061200854
m0_w13_c25_svc_C0.35,my,-0.4689890203936149,support_non_rumor,0.4689890203936149
m0_w13_c36_svc_C0.4,crash,-0.4675860768415475,support_non_rumor,0.4675860768415475
m0_w13_c36_svc_C0.4,at the,-0.46735508845799956,support_non_rumor,0.46735508845799956
m0_w13_c25_svc_C0.35,at the,-0.4648336262262865,support_non_rumor,0.4648336262262865
m0_w13_c36_svc_C0.4,hashtag url,-0.46203576937160096,support_non_rumor,0.46203576937160096
m0_w13_c25_svc_C0.35,the sydney,-0.46128348705347916,support_non_rumor,0.46128348705347916
m0_w13_c36_svc_C0.4,the,-0.45875438628706233,support_non_rumor,0.45875438628706233
m0_w13_c25_svc_C0.35,the,-0.456694392694107,support_non_rumor,0.456694392694107
m0_w13_c25_svc_C0.3,shooting,-0.451394901107872,support_non_rumor,0.451394901107872
m0_w13_c36_svc_C0.4,shooting,-0.4499328741002847,support_non_rumor,0.4499328741002847
m0_w13_c36_svc_C0.4,sydney is,-0.44896113092207623,support_non_rumor,0.44896113092207623
m0_w12_c35_svc_C0.2,is over,-0.44802617076160217,support_non_rumor,0.44802617076160217
m0_w12_c36_svc_C0.25,about,-0.44754670810772035,support_non_rumor,0.44754670810772035
m0_w13_c36_svc_C0.4,unit,-0.4466007510053813,support_non_rumor,0.4466007510053813
m0_w13_c25_svc_C0.3,my,-0.44562144639089024,support_non_rumor,0.44562144639089024
m0_w13_c25_svc_C0.35,about,-0.444956346622214,support_non_rumor,0.444956346622214
m0_w12_c36_svc_C0.25,crash,-0.4445364188692144,support_non_rumor,0.4445364188692144
m0_w13_c25_svc_C0.3,how,-0.4440491621321208,support_non_rumor,0.4440491621321208
m0_w13_c36_svc_C0.4,about,-0.44348494657038956,support_non_rumor,0.44348494657038956
m0_w12_c36_svc_C0.25,the sydney,-0.4434333945653602,support_non_rumor,0.4434333945653602
m0_w12_c35_svc_C0.2,crash,-0.43857047471741456,support_non_rumor,0.43857047471741456
m0_w13_c36_svc_C0.4,is,-0.43543881514270755,support_non_rumor,0.43543881514270755
m0_w13_c25_svc_C0.3,the,-0.4340822858216247,support_non_rumor,0.4340822858216247
m0_w13_c25_svc_C0.3,at the,-0.4337440840722364,support_non_rumor,0.4337440840722364
m0_w13_c25_svc_C0.3,about,-0.4290977848027833,support_non_rumor,0.4290977848027833
m0_w13_c25_svc_C0.35,since,-0.4249564679476802,support_non_rumor,0.4249564679476802
m0_w13_c36_svc_C0.4,safe,-0.4248909883024828,support_non_rumor,0.4248909883024828
m0_w13_c25_svc_C0.35,sydney is,-0.42481795561382424,support_non_rumor,0.42481795561382424
m0_w13_c25_svc_C0.3,the sydney,-0.42434203749549415,support_non_rumor,0.42434203749549415
m0_w13_c36_svc_C0.4,islam,-0.42380610367027555,support_non_rumor,0.42380610367027555
m0_w12_c36_svc_C0.25,safe,-0.42305664539089927,support_non_rumor,0.42305664539089927
m0_w13_c25_svc_C0.35,hashtag url,-0.4209037507930976,support_non_rumor,0.4209037507930976
m0_w12_c35_svc_C0.2,about,-0.42035954595627706,support_non_rumor,0.42035954595627706
m0_w13_c25_svc_C0.35,safe,-0.41972652454430615,support_non_rumor,0.41972652454430615
m0_w13_c25_svc_C0.35,again,-0.4191765577140499,support_non_rumor,0.4191765577140499
m0_w13_c36_svc_C0.4,again,-0.4186981466049392,support_non_rumor,0.4186981466049392
m0_w12_c35_svc_C0.2,my,-0.4174373948609663,support_non_rumor,0.4174373948609663
m0_w13_c36_svc_C0.4,since,-0.4167955588080912,support_non_rumor,0.4167955588080912
m0_w13_c36_svc_C0.4,over,-0.41535420298341164,support_non_rumor,0.41535420298341164
m0_w12_c36_svc_C0.25,how,-0.4145338690518111,support_non_rumor,0.4145338690518111
m0_w13_c25_svc_C0.35,unit,-0.41258565540042325,support_non_rumor,0.41258565540042325
m0_w12_c36_svc_C0.25,hashtag germanwings,-0.41061296246714496,support_non_rumor,0.41061296246714496
m0_w13_c36_svc_C0.4,the building,-0.4049703971601218,support_non_rumor,0.4049703971601218
m0_w13_c25_svc_C0.3,safe,-0.4047910773791117,support_non_rumor,0.4047910773791117
m0_w12_c35_svc_C0.2,ferguson,-0.40366266148524044,support_non_rumor,0.40366266148524044
m0_w12_c36_svc_C0.25,ferguson,-0.40253547603246564,support_non_rumor,0.40253547603246564
m0_w13_c36_svc_C0.4,hashtag germanwings,-0.3978132557850821,support_non_rumor,0.3978132557850821
m0_w13_c36_svc_C0.4,breaking news,-0.39702622364759016,support_non_rumor,0.39702622364759016
m0_w12_c36_svc_C0.25,at the,-0.39642497064939913,support_non_rumor,0.39642497064939913
m0_w13_c25_svc_C0.3,hashtag url,-0.39633209004551856,support_non_rumor,0.39633209004551856
m0_w13_c36_svc_C0.4,was killed,-0.3957931754307753,support_non_rumor,0.3957931754307753
m0_w13_c25_svc_C0.35,islam,-0.3949836513445179,support_non_rumor,0.3949836513445179
m0_w13_c25_svc_C0.3,again,-0.39471130053211384,support_non_rumor,0.39471130053211384
